"Risky_Area","gender","advantage_risky_area"
"Risky","Male","tanah subur"
"Risky","Male","tanah subur, mata air besar"
"Risky","Female","Jauh dari polusi  Gampang Mandapat bahan makanan"
"Risky","Female","Bisa makan, dapat pangasilan,dekat sama keluarga"
"Risky","Female","Bisa hidup,bisa makan,bisa menghidupi dan bisa berkumpul dengan keluarga."
"Risky","Male","sejuk Dan subur"
"Risky","Female","tanahnya subur udara sejuk"
"Risky","Male","subur Dan dingin"
"Risky","Female","sejuk"
"Risky","Female","Bisa makan, nyaman comfort"
"Risky","Male","Banyak mengasilkan uang separti tambang pasir, ekonomi"
"Risky","Female","tanah subur,sumber mata air melimpah,dan sejuk"
"Risky","Female","cuacanya dingin, subur"
"Risky","Male","Lumayan ekonomi"
"Risky","Male","Www"
"Risky","Female","Enak desa saya sangat  sejuk"
"Risky","Male","1 tanahnya subur  2 udaranya dingin"
"Risky","Male","1.udara sejuk  2.tanah subur  3.tanaman tumbuh subur  4.jauh Dari polusi  5.karena orang tua parent dulunya Dari sini"
"Risky","Female","asri dan subur"
"Risky","Male","tanah subur dan udara sejuk"
"Safe","Male","tanah subur  ekonomi maju  pertanian maju  udara sejuk  air lancar"
"Safe","Male","sejuk, tanah subur"
"Safe","Male","tanah subur ekonomi baik"
"Safe","Male","tanah subur  ekonomi lancar"
"Safe","Male","tanah subur"
"Safe","Male","tanahnya subur ekonomi mudah, udaranya sejuk"
"Safe","Female","tanah subur"
"Safe","Female","udara segar,ekonomi lancar"
"Safe","Female","tanahnya subur ,udaranya sejuk,ekonomi mudah"
"Safe","Female","karena kesuburan tanahnya, yang membuat kami orang desa mampu bertahan dan sejahtera,sumber air sangat melimpah, orang desa sangat guyub rukun saling membantu"
"Safe","Female","safe aman damai, tanah subur, bebas dari polusi"
"Safe","Male","tanahnya subur"
"Safe","Female","tanah subur.sda melimpah.biaya hidup atau ekonomi terjangkau"
"Safe","Male","tanah subur  tidak perah terjadi kekeringan"
"Safe","Male","tanahnya subur"
"Safe","Male","mata pencaharian yang melimpah"
"Safe","Female","sda yang Melimpah"
"Safe","Male","udara sejuk  tanaman subur  cari ekonomi mudah"
"Safe","Female","tanahnya subur, banyak sumber air, suasananya sejuk,"
"Safe","Male","tanah subur dan cocok untukertanian"
"Risky","Male","subur gemah ripah lohjinawi"
"Risky","Male","tanahnya subur dan udaranya sejuk"
"Risky","Female","tanahnya sangat subur"
"Risky","Male","banyak sda yamg bisa di manfaatkan, damai, safe aman"
"Risky","Male","udara sangat sejuk ,lingkunganya indah, asri"
"Risky","Male","tanah subur, udara sejuk"
"Risky","Male","tanahnya yang subur , suhunya sejuk"
"Risky","Female","perkebunan yang bagus"
"Risky","Female","gampang kerja,suasana yg sejuk dan gk bising, nyaman comfort"
"Risky","Female","mudah untuk mencari sayur mudah untuk menanam sayur, ekonomi, jauh dari polusi"
"Risky","Male","udara yg sejuk jauh dari polusi dan tanaman yg subur serta harga kebutuhan yang terbilag cukup murah dan terjangkau, ekonomi"
"Risky","Male","segar,,,sehat soalnya udaranya masih bersih tidak tercemar serta tanah yg subur,,meski pendapatan tergolong minim di banding di kota..."
"Risky","Male","tanah subur"
"Risky","Male","asri"
"Risky","Male","tanah subur  masarakat nya ramah juga senang gotong royong"
"Risky","Male","tanah subur"
"Risky","Female","dari ambil pasir"
"Risky","Female","tanah subur"
"Risky","Female","daerah yang sejuk bebas polusi dan tanah yang subur membuat masyarakat lereng gunung ekonomi menjadi makmur"
"Risky","Female","enak udara sangat segar,tanahnya subur,tidak banyak polusi,jauh dari kebisingan, nyaman comfort."
"Risky","Female","sangat senang tinggal di sini karena tanah yang sangat subur bisa menanam apa saja dengan hasil yang sangat baik.dan keuntungan menanam bisa berlimpah,,,,"
"Risky","Female","tanah subur, udara segar"
"Risky","Male","udara sangat sejuk"
"Risky","Female","udara yg sejuk dan tanah yg subur serta lingkungan yg nyaman comfort"
"Risky","Male","mudahnya perekonomian suburnya pertanian"
"Risky","Male","penghasilan mudah ekonomi, lingkungan nyaman comfort"
"Risky","Female","tanah subur udaranya segar"
"Risky","Male","tentram nyaman comfort, sejuk"
"Risky","Male","mencari ekonomi mudah, tanah sangat subur"
"Risky","Male","Mudah mendapatkatkan air, udaranya sejuk, tanah yang subur cocok untuk bercocok tanam"
"Risky","Male","tanahnya subur"
"Risky","Male","tanahnaya subur,"
"Risky","Male","sumber ekonomi mudah,"
"Risky","Male","sumber penghasilan, ekonomi"
"Risky","Female","tanahnya subur , udaranya sejuk ,"
"Risky","Female","tanah subuh,penghasilan terjamin ekonomi.."
"Risky","Female","tanahnya subur,"
"Risky","Female","sejuk ,tentram nyaman comfort ,gampang mencari nafkah, ekonomi"
"Risky","Male","kehidupan tentram, nyaman comfort"
"Risky","Male","Mika is working!"
"Risky","Female","kelahiran  tanahnya subur"
"Risky","Female","kelahiran saya  tanahnya subur, sangat baik untuk bercocok tanam,,,misalnya salak,cengkeh dan lainya"
"Risky","Female","kelahiran dan penghasilan ekonomi jg ada tanahnya jg subur"
"Risky","Female","kelahiran disini karna penghasilan di sini nggak sulit, ekonomi"
"Risky","Female","kelahiran  ada hasilnya tanaman salak  sumber air"
"Risky","Male","kelahiran saya senang  tanahnya subur"
"Risky","Male","subur"
"Risky","Male","tempat kelahiran"
"Risky","Male","tanah subur,perekonomian mapan"
"Risky","Male","tanah subur tidak pernah kekeringan air kelahiran"
"Risky","Male","cocok untuk pertanian tanahnya sangat subur, udaranya sejuk"
"Risky","Female","Mencari kebutuhan hidup sangat mudah,ekonomi, mudah mendapat air bersih"
"Risky","Male","dekat sumber ekonomi"
"Risky","Male","mata pencaharian sangat mudah,  dingin"
"Risky","Female","karna dingin"
"Risky","Male","tanah subur  udara dingin  dan sejuk"
"Risky","Female","karna perekonomiannya mudah dan udaranya sejuk"
"Risky","Female","karena udara sejuk pencaharian ekonomi mudah sejak orok sudah di besarkan disini, lahir"
"Risky","Female","perekonomian di daerah ini sangat mudah, kerukunan,akses kepasar deket dan tanah subur ."
"Risky","Male","Karena bisa bertani"
"Risky","Female","sejuk, subur"
"Risky","Male","tanah subur, lingkungan nyaman comfort, ekonomi mudah"
"Risky","Female","tanahnya subur"
"Risky","Female","sejuk  tanah subur  kelahiran"
"Risky","Female","tanah subur  ekonomi senang  kelahiran"
"Risky","Male","tanahnya subur"
"Risky","Female","cuaca dingin  air bagus  penghasilan bagus ekonomi"
"Risky","Male","tanah subur  Pertambangan, tambang"
"Risky","Male","kerja mudah, tanahnya subur, udaranya sejuk"
"Risky","Male","Pertanian bagus  udaranya sejuk"
"Risky","Female","nyaman comfort  sejuk  gampang cari kerja bebas polusi"
"Risky","Female","nyaman comfort sejuk gampang cari kerja bebas polusi."
"Risky","Female","mata pencaharian dari gunung sda lebih mudah dan lebih ramah lingkungan asri"
"Risky","Male","Bisa bertani karena tanah subur"
"Risky","Male","udaranya sejuk, tenang jauh dari keramaian,  mudah dalam mencari rezeki, tanah subur"
"Risky","Female","karena tanah di daerah gunung berapi sangat subur untuk bercocok tanam, ekonomi"
"Risky","Male","Dari lahir disini  Bisa bertani dan berternak"
"Risky","Male","tanah subur  Bisa bertani dan berternak"
"Risky","Male","tanahnya subur"
"Risky","Male","udara sejuk  ekonomi gampang sumber air jernih tanah subur"
"Risky","Male","tanah subur"
"Risky","Female","udaranya sejuk,dan tanahnya subur"
"Risky","Female","tanahnya subur"
"Risky","Female","tanahnya subur"
"Risky","Female","udaranya sejuk,dan tanahnya subur"
"Risky","Male","tanahnya subur"
"Risky","Male","tanahnya subur, bagus untuk pertanian, udaranya sejuk,"
"Risky","Female","udaranya sejuk,dan tanah subur"
"Risky","Male","udara dingin, tanah subur, pertanian bagus, tani"
"Risky","Female","tanahnya subur, sumber ekonomi mudah"
"Risky","Male","tambang pasir"
"Risky","Female","tanahnya subur"
"Risky","Female","tanahnya subur"
"Risky","Female","lahan subur dan udara sejuk"
"Risky","Female","sudah tidak ada tempat lagi untuk ditinggali, sumber mata pencaharian dari petani"
"Risky","Male","lahan yang subur, suana sejuk safe aman damai dan menyenangkan"
"Risky","Male","lahan subur,udara sejuk"
"Risky","Male","tanah subur, daerah sejuk"
"Safe","Male","lahannya lebih subur"
"Safe","Male","keuntungannya adalah sda atau kekayaan alam yang melimpah yaitu pasir,sumber air yg melimpah,udara yg sehat dan keindahan alam disekitar lereng gunung semeru, asri."
"Safe","Female","tanah yang subur dan kawasan nya yang sejuk.kawasan airnya sangat jernih..."
"Safe","Female","sejuk,tanah subur"
"Safe","Female","lahan persawahan dan perkebunan bisa menjadi subur serta material pasir dan batu gampang dicari"
"Safe","Female","tanah subur,udara sejuk"
"Safe","Female","tanah subur,airnya jernih"
"Safe","Female","tanah subur  air bersih  buah salak pisang"
"Safe","Female","keuntungannya adalah tanah subur, airnya jernih, udaranya nyaman comfort dan sejuk"
"Safe","Female","udaranya sejuk  tanahnya subur"
"Safe","Male","Untuk cuaca sejuk,daerah sekitaran subur."
"Safe","Female","tanahnya subur"
"Safe","Male","udara sejuk   tanah subur"
"Safe","Male","1. udaranya dingin  2. ada 2 musim ada panas dan hujan  3. tanah subur, dst"
"Safe","Male","tanah menjadi subur   banyak sumber mata air"
"Safe","Female","tanah subur, udara sejuk, masyarakatnya rukun suka bergotong royong"
"Safe","Male","tanahnya subur"
"Safe","Male","tanahnya subur paser banak"
"Safe","Male","mengalami ketenangan karna suana nyaman comfort dan sejuk air pun masih asli dari pegunungan"
"Safe","Male","tanah lebih subur  destinasi wisata"
"Risky","Male","pasir, batu"
"Risky","Male","karena sejak kecil rumahnya sudah menetap di daerah gunung berapi, lahir"
"Risky","Male","1.tanah menjadi subur  2.sda melimpah"
"Risky","Male","karena sagat sejuk"
"Risky","Female","sejuk safe aman damai"
"Risky","Female","daerahnya sejuk"
"Risky","Female","tanahnya subur dan dapat menghasilkan barang tambang (pasir dan batu)"
"Risky","Female","karena keluarga"
"Risky","Female","mulai dari dulu sudah tinggal daerah merapi, lahir"
"Risky","Female","tanaman tumbuh sangat subur   udara sejuk"
"Risky","Male","mudah mencari material pasir batu"
"Risky","Female","karena udaranya sangat sejuk dan segar dan bisa bercocok tanam"
"Risky","Male","bisa jadi gampang kerja"
"Risky","Male","mudah cari pasir batu"
"Risky","Male","tanah subur untuk bertani"
"Risky","Male","pertanian"
"Risky","Female","bercocok tanam tumbuh subur !"
"Risky","Female","tanahnya subur cocok utuk bercocok tanam"
"Risky","Female","karena nyaman comfort"
"Risky","Male","tanahnya subur udaranya segar"
"Safe","Male","tanah subur"
"Safe","Male","keuntungan tambang pasir"
"Safe","Female","udara, tenang"
"Safe","Male","1. dingin  2. kerja  enak sekali  3. kehidupanya dengan tenang dan nyaman comfort"
"Safe","Male","1 ekonomi bagus  2. sejuk  3. Mudah mencari kerja"
"Safe","Female","tanah subur,udara sejuk"
"Safe","Male","pasir"
"Safe","Male","tambang pasir"
"Safe","Male","udaranya sejuk dan segar"
"Safe","Female","keuntungan tambang pasir"
"Safe","Male","tidak ada"
"Safe","Female","bertani"
"Safe","Female","tanah subur,udara sejuk"
"Safe","Male","tenang"
"Safe","Male","tanah subur n sejuk"
"Safe","Female","1. Tidak ada tempat tinggal yang lain, choice  2. Mudah mencari kerja  3. dingin"
"Safe","Male","banyak manfaatnya"
"Safe","Female","dingin  tanahnya subur  airna bening"
"Safe","Female","tanahnya subur"
"Safe","Female","no other choice"
"Safe","Female","adem tinggal di daerah gunung, sejuk"
"Safe","Male","nyaman comfort"
"Safe","Female","kerja mudah, mencukupi kebutuhan sehari."
"Safe","Male","ekonomi mudah"
"Safe","Female","udaranya sejuk  perekonomian tercukupi"
"Safe","Male","tentram tidak ada keramaian dibanding dikota, nyaman comfort"
"Safe","Male","sejuk, living near by family, keluarga"
"Safe","Female","memang sudah kelahiran saya tidak mau kemana mana"
"Safe","Male","nyaman comfort  subur  dingin"
"Safe","Female","tempat kelahiran  dingin  nyaman comfort"
"Safe","Female","dingin, mudah mendapat kerja"
"Safe","Female","tanahnya subur, udaranya dingin, ekonominya mudah dicari"
"Safe","Male","no other choice, lahan kerja"
"Safe","Male","mudah mendapat kerja"
"Safe","Female","tanahnya subur, ekonomi mudah"
"Safe","Female","tanahnya subur"
"Safe","Male","penghasilan ekonomi mudah"
"Safe","Male","ekonomi lancar"
"Safe","Female","karena tanahnya subur untuk pertanian"
"Safe","Male","tempat lahir, no other choice"
"Safe","Male","dingin, ekonomi lancar"
"Safe","Male","kerja mudah, tempat lahir"
"Safe","Male","tanahnya subur,  airnya bagus  musimnya bagus"
"Safe","Male","karena cocok untuk bertani"
"Safe","Female","safe aman damai, gampang cari uang, ekonomi"
"Safe","Female","betah tinggal disini, sejuk ,makmur enak cari rezeki, tentram nyaman comfort"
"Safe","Female","ekonomi mudah"
"Safe","Female","ekonomi mudah, udara nyaman comfort"
"Safe","Female","ekonomi muda tanah subur"
"Safe","Female","tempat lahir, no other choice"
"Safe","Female","nyaman comfort"
"Safe","Female","sejuk dan safe aman"
"Safe","Male","cari ekonomi mudah tanaman subur ijo royo royo"
"Safe","Male","tanahnya subur"
"Safe","Female","subur  safe aman  damai"
"Safe","Male","cari ekonomi itu mudah"
"Safe","Male","tanahya subur"
"Safe","Male","ekonomi mudah, tanaman subur"
"Safe","Female","subur,nyaman comfort"
"Safe","Male","nyaman comfort  subur"
"Safe","Female","mudah mecnri kerja dan mudah berkebun"
"Safe","Female","mudah berkebun   dan mencari pasir"
"Safe","Female","untuk mencari uang itu sang mudah, ekonomi"
"Safe","Male","bertani lebih mudah di sini"
"Safe","Female","lahir disini, no other choice"
"Safe","Male","banyak pasir"
"Safe","Female","no other choice"
"Safe","Male","nyaman comfort, ekonomi mudah"
"Safe","Male","cari rezeki mudah"
"Safe","Female","lahir, no other choice"
"Safe","Female","kalau banjir ngalir pasir jadi bisa dapat uang karena mata pencaharian nya di sungai, ekonomi"
"Safe","Female","banyak rezeki, ekonomi hasil pangan melimpah"
"Safe","Female","dapat menghasilkan ekonomi yg ckup karna hsil pasir batu2annya krna kita mnjadi penambang, tambang"
"Safe","Male","mudah mencari rezeki"
"Safe","Female","mudah mencari rezeki"
"Safe","Male","ekonomi mudah"
"Safe","Female","ekonomi lancar"
"Safe","Male","ekonomi mudah"
"Safe","Female","ketika hujan dan terjadi banjir maka pasir melimpah dan bisa untuk mencari nafkah, ekonomi"
"Risky","Male","ekonomi mudah"
"Risky","Male","nyaman comfort  lahir di sini  air bersih"
"Risky","Female","ekonomi  mudah"
"Risky","Female","ekonomi mudah tanaman subur"
"Risky","Male","nyaman comfort karna sudah tempat kelahiran"
"Risky","Male","karena cocok untuk pertanian"
"Risky","Female","udaranya sejuk, tanahnya subur buat bertani dan bisa menghasilkan uang dari gunung semeru seperti pasir, ekonomi"
"Risky","Female","lahir, peninggalan orang tua parent disini"
"Risky","Male","tenang, mudah mencai nafkah, ekonomi"
"Risky","Female","tempat lahir, no other choice"
"Risky","Female","nyaman comfort,sejuk"
"Risky","Female","safe aman, sejuk, subur"
"Risky","Female","sejuk ekonomi  mudah"
"Risky","Male","udaranya segar"
"Risky","Male","untung besar"
"Risky","Male","air bersih  udara bersih  tenang  subur  sejuk"
"Risky","Male","tanahnya subur dan udaranya masih bersih"
"Risky","Female","udara sejuk, untuk mata pencaharian  penduduk lumayan meningkat"
"Risky","Female","ekonomi mudah tanaman subur"
"Risky","Male","subur  air bersih  gampang kerja ada"
"Safe","Female","udara sejuk, tanah subur dan sumber mata air bersih."
"Safe","Female","airnya baik, tanah subur, jarang kekeringan, perekonomian mudah"
"Safe","Male","suhunya lebih sejuk dibandingkan berada di daerah kota  sumber air yang mudah di daptkan, tanah perkebuanan yang sangat subur"
"Safe","Male","mudah untuk mencari ekonomi  ,tanah subur gemah ripah jinawe"
"Safe","Male","tanahnya subur"
"Safe","Female","lingkungan safe aman ,udara sejuk"
"Safe","Female","kita tidak kesulitan air,tanahnya subur ,lingkungannya asri dan alami."
"Safe","Female","tanaman subur  tidak kekurangan air  udara sejuk"
"Safe","Male","tanahnya lebih subur memudahkan bercocok tanam"
"Safe","Male","tanah nya subur udara nya segar"
"Safe","Male","sejuk, tanah subur, mendapatkan kerja yang sangat mudah"
"Safe","Male","safe aman, ekonomi mudah,"
"Safe","Male","tanah subur"
"Safe","Female","tanah subur udaranya sejuk air mudah"
"Safe","Female","bertani ,tambang pasir"
"Safe","Female","udara segar  tanah subur  air mudah"
"Safe","Female","cuaca dingin  tanah subur  air bersih"
"Safe","Female","tambang pasir"
"Safe","Male","air bersih, tanah subur, dekat dengan tempat kerja"
"Safe","Male","tanah subur, udara sejuk"
"Safe","Female","dapat menyuburkan tanaman, banyaknya hewan yang hidup di hutan,terhindar dari polusi terdapat lahan kosong"
"Safe","Female","1.memiliki air bersih  2.cuacanya sangat cocok, segar"
"Safe","Female","nyaman comfort,udara sejuk"
"Safe","Female","tanah subur air bersih udara masih segar"
"Safe","Female","udara sejuk, air bersih, bisa menanam sayuran dengan subur"
"Safe","Female","udara sejuk  airnya bersih  tanahnya subur  lingkungan bersih"
"Safe","Male","sangat cocok untuk bertanam"
"Safe","Female","udaranya sejuk air bersih, bisa menanam sayuran"
"Safe","Male","udara sejuk, ekonomi mudah,lingkungan nyaman comfort"
"Safe","Male","tanah subur"
"Safe","Male","tidak kekurangan air bersih, tanah subur, mudah bercocok tanam"
"Safe","Male","kerja mudah"
"Safe","Male","pertanian yg subur mata air yg jernih"
"Safe","Male","tanah subur"
"Safe","Male","ekonomi mudah, udara sejuk,lingkungan nyaman comfort"
"Safe","Female","airnya bersih, udara sejuk,tanah subur"
"Safe","Female","airnya bersih, tanahnya subur"
"Safe","Female","air bersih, tanah subur, udara sejuk."
"Safe","Female","air bersih, tanahnya subur"
"Safe","Female","lahan kerja, pertanian subur, cuaca enak dingin"
"Safe","Male","cuaca lebih sejuk,"
"Safe","Female","cuacanya dingin, airnya bersih"
"Safe","Male","udara sejuk, cuaca dingin, tidak terancam erupsi"
"Safe","Male","memudahkan kita untuk ekonomi pertanian"
"Safe","Male","udaranya segar, tanahnya subur"
"Safe","Male","Cocok untuk bertanam sayur, cuaca dingin"
"Safe","Female","kaya akan sda dan tanahnya subur (tanah vulkanik)"
"Safe","Female","cuacanya dingin  udaranya segar"
"Safe","Female","cuaca dingin  airnya bagus  udaranya bagus"
"Safe","Female","cuaca dingin  airnya dingin  tanahnya subur"
"Safe","Male","Bisa cocok tanam dan air bersi"
"Safe","Male","tempatnya sejuk. indah banyak kepanenan dan indah/rama lingkungan"
"Safe","Female","mencari pekerja an lbih muda,menanam sayuran bih muda"
"Safe","Male","tanahnya subur  cuaca tidak terlalu panas  tidak ada kekeringan"
"Safe","Male","cari pasir"
"Safe","Male","udara sejuk,ekonomi sedang"
"Safe","Female","udara sejuk"
"Safe","Female","daerah sejuk"
"Safe","Female","kita bisa mencari mata pencaharian dari pasir gunung berapi"
"Safe","Male","lahan kerja"
"Safe","Male","daerahnya subur udaranyasegar"
"Safe","Female","cari pasir, udara sejuk ,safe aman banjir"
"Safe","Male","subur"
"Safe","Female","hidup murah, sayur gak beli, ekonomi"
"Safe","Male","subur"
"Safe","Male","memmanfaatkan material gunung berapi cocok tanam semua jenis sayur mayur buah buahan sangat cocok, sda"
"Safe","Female","airnya bersih  enak  dingin  tanahnyas subur"
"Safe","Female","tambang pasir"
"Safe","Male","air bersih mudah,tanahnya subur,udara sejuk"
"Safe","Male","safe aman dari jangkauan letusan gunung merapi ..   udara nya sejuk...  tentram sejahtera... nyaman comfort"
"Safe","Female","tanah subur pertanian, sumber air bersih dan lancar"
"Safe","Female","karna cuaca suasana di desa lebih sejuk air juga lebih mudah dan jauh dari polusi k endaraan yang berlebihan,.beda dengan di kota.  keuntungan lainnya kebutuhan di desa lebih murah di bandingkan di perkotaan.."
"Safe","Male","udara sejuk,  bercocok tanam, ekonomi"
"Safe","Male","tanahnya subur, sejah tera"
"Safe","Male","tambang pasir"
"Safe","Female","tanah subur, udara sejuk, sumber air terjaga alaminya"
"Safe","Male","udaranya sejuk ,ladang pangan yang luas,ekonomi "
"Safe","Male","udaranya sejuk dan alami,tanahnya subur."
"Safe","Female","daerah yang sejuk,perairan yang lancar,ladang pangan yg luas, ekonomi"
"Safe","Female","cuacanya dingin, airnya baik,udaranya sejuk"
"Safe","Female","karena udara yg sejuk dan lingkungan yg sangat ramah"
"Safe","Female","tanah subur,udara sejuk , air berlimpah"
"Safe","Male","tanahnya subur,air melimpah tidak beli"
"Safe","Male","tanahnya subur, air melimpah"
"Safe","Male","dapat keuntungan dari pasir dan batu"
"Safe","Female","tanahnya subur"
"Safe","Female","tanah subur,udara sejuk,nyama"
"Safe","Female","1 lingkungan nyaman comfort  2.udara sejuk  3.mudah untuk bercocok  tanam"
"Safe","Male","banyak kekayaan sda dan makanan"
"Safe","Male","tanah lebih subur, air lebih jernih, jauh dari polusi"
"Safe","Female","air nya lancar"
"Safe","Female","airnya lancar"
"Safe","Female","tanah untuk pertaian subur,udara segar"
"Safe","Male","sejuk"
"Safe","Male","sejuk"
"Safe","Male","dingin"
"Safe","Male","segar"
"Safe","Female","banyaknya lahan pertanian,sepertin perkebunann kopi,suasananya sangat dingin dan sejuk airnya jernih dan disini tidak gampang tercemar sampah atau banjir"
"Safe","Female","air bagus  tanah subur"
"Safe","Female","udaranya sejuk, orangnya ramah"
"Safe","Female","tanahnya subur dapat dibuat bertani udaranya sejuk dan cocok untuk bertani"
"Safe","Female","memilliki daerah yang sanggat subur dan sejuk"
"Safe","Female","tanahnya subur, masyarkatnya rama, sumber mata air yang mudah"
"Safe","Female","tanahnya subur , air mudah"
"Safe","Female","dapat bertani,udara sejuk,ekonomi muda"
"Safe","Female","memiliki tanah yang subur, sehingga cocok untuk bercocok tanam"
"Safe","Female","udara sejuk  ekonomi mudah di dapat"
"Safe","Male","adem ayem"
"Safe","Male","keuntugan nya sangat bahagia bnget karna bisa menghirup udara segar ,dan bisa bertanam sayur"
"Safe","Male","keuntungannya bisa bertanam sayur dengan mudah dan udarannya sejuk, bebas dari polusi"
"Safe","Male","keuntungannya bisa bercocok tanam dengan mudah karena cuacanya yang bagus"
"Safe","Male","keuntungan bisa bercocok tanam, dan bisa beternak hewan"
"Safe","Male","tani"
"Safe","Male","tanah disekitar sangat subur, udara sejuk"
"Safe","Male","ekonomi mudah, tanahnya subur"
"Safe","Male","dingin"
"Safe","Male","suhu sejuk  tanah subur"
"Safe","Male","udara sejuk bebas polusi dan tanahnya subur"
"Safe","Male","tanah yang subur"
"Safe","Male","tanah subur"
"Safe","Male","tanahnya subur, udara sejuk, dan dekat sumber mata air"
"Safe","Male","suasananya dingin"
"Safe","Male","Sangat cocok untuk pertanian sehat untuk d tinggali"
"Safe","Female","udaranya sejuk   airnya bersih  tanahnya subur  suhunya tidak terlalu dingin"
"Safe","Female","tanah subur  udara sejuk  jarang ada bencana alam, safe aman"
"Safe","Male","adem ayem segar waras"
"Safe","Male","airnya bersih tanahnya subur"
"Safe","Female","udara sejuk ,jauh dari polusi pabrik , air bersih , tanah subur ,"
"Safe","Female","tanah subur, air bersih, udara segar / sejuk"
"Safe","Male","sejuk dingin"
"Safe","Male","tanah jd subur,udara sejuk,air jernih"
"Safe","Male","tanah subur  air baik  ekonomi cukup"
"Safe","Female","udara sejuk airnya jernih tanhnya subur."
"Safe","Female","udara sejuk,nyaman comfort,"
"Safe","Female","tanah nya subur udara nya segar"
"Safe","Female","menyenagkan udara yang sejuk serta alam yg hijau subur"
"Safe","Female","senang sejuk tanah subur"
"Safe","Male","letus ya tidak kesini, safe aman"
"Safe","Female","sejuk udara nya... sumber airnya alami..."
"Safe","Female","sejuk air bersih cari sayuran gampang, ekonomi"
"Safe","Female","memiliki banyak sda seperti pasir, batu ,sumber air jernih , dll"
"Safe","Female","air baik  sejuk"
"Safe","Male","kualitas airnya bagus dapat udara yang sejuk dan tanahnya bagus buat tanaman"
"Safe","Male","tanahya subur udaranya bersih jau dari kebisingan tranportasi muda  untuk bercocok tanam"
"Safe","Female","udaranya sejuk, udaranya sejuk,jauh dari polusi pÃ brik"
"Safe","Male","Semua alami"
"Safe","Male","sumber daya air yang alami pegunungan yang asri jauh dari polusi udara banyak perkebunan yg indah bebas dari asap kendaraan"
"Safe","Male","udaranya masih sejuk, air mudah, bahan makanan mudah"
"Safe","Male","udara sejuk, pertanian subur, air bersih, bebas polusi"
"Safe","Male","sumber air melimpah...cocok untuk bercocok tanam...udara sejuk....cocok untuk berkembang biak"
"Safe","Male","tanah subur"
"Safe","Female","tanah subur , air bersih"
"Safe","Female","tanah subur suasana sejuk air bersih"
"Safe","Female","udaranya sejuk, mata air mudah , pertanian mudah cuma jauh dari emall"
"Safe","Female","tanahnya subur, air nya bersih"
"Safe","Female","udara sejuk, pertanian mudah, sumber banyak"
"Safe","Female","tanahnya subur, airnya bersih, udaranya sejuk"
"Safe","Male","tanah subur udara sejuk"
"Safe","Female","1. udaranya sejuk dan minim dari polusi-polusi kota  2. tanahnya subur  3. sda banyak  4. Tersedinya gampang kerja bagi petani dan pekebun"
"Safe","Female","tanahnya subur dapat membantu meningkatkan nilai ekonomi"
"Safe","Female","udaranya sejuk"
"Safe","Male","jauh dari polusi udara kotor,sejuk"
"Safe","Male","tanah subur"
"Safe","Male","tanahnya subur, airnya jernih, udara sejuk"
"Safe","Male","udara sejuk tampa polusi"
"Safe","Female","udara sejuk, tanah subur"
"Safe","Female","area sejuk"
"Safe","Female","cuaca yg stabil, segar.. tidak terlalu panas,juga tidak terlalu dingin, pertanian subur."
"Safe","Male","mencari nafkaH enak, ekonomi, udara segar,ya panas ya dingin,"
"Safe","Female","udara sangat sejuk tak ada polusi"
"Safe","Male","muda, ekonomi"
"Safe","Female","udaranya sangat dingin"
"Safe","Female","udara yang sejuk"
"Safe","Male","tanah pertanian subur"
"Safe","Male","udara sejuk"
"Safe","Male","udara sejuk, nyaman comfort"
"Safe","Female","cuacanya yang sejuk, tanahnya sangat subur untuk menanam sayur-sayuran, buah-buahan Dan lainnya"
"Safe","Male","tanah subur, baik untuk bercocok tanam.dan baik untuk ternak"
"Safe","Male","tanah subur,udara segar,ekonomi mudah"
"Safe","Male","tanah subur, udara sejuk"
"Safe","Male","tanah subur,udara segar,persediaan air tercukupi, dll.."
"Safe","Female","sangat baik untuk bercocok tanam  penghasilan yang cukup banyak, ekonomi"
"Safe","Female","air bersih  pasir"
"Safe","Male","tanah subur   sejuk  sumber air jernih"
"Safe","Female","keuntungannya adalah tanah di sekitar gunung berapi menjadi subur, sehingga memudahkan masyarakat sekitar untuk bercocok tanam seperti menanam padi atau lahan kopi. selain itu terdapat juga mata pencaharian lainnya seperti penambang pasir."
"Safe","Male","pasir melimpah,sejuk,udara bersih, tanah subur"
"Safe","Female","bisa menanam tumbuhan, ekonomi"
"Safe","Female","udara  sejuk"
"Safe","Female","tanahnya subur.  udaranya sejuk."
"Safe","Female","tanah subur"
"Safe","Female","karena nenek moyangnya lahir disini"
"Safe","Male","tanah  subur"
"Safe","Male","udara sejek  tanahnya subur"
"Safe","Male","udaranya segar .airnya sejuk jarang polusi"
"Safe","Female","udara sejuk"
"Safe","Female","udara nyasejuk"
"Safe","Male","tanahnya subur Dan udaranya sejuk bersih"
"Safe","Male","tanah yang subur"
"Safe","Female","tanah subur"
"Safe","Male","banyak hasil alam yang dapat digunakan sebagai mata pencaharian."
"Safe","Male","wisata yang bagus"
"Safe","Female","udaranya segar, tanah yang subur"
"Safe","Male","tanah subur tanaman bagus"
"Safe","Male","tanah subur"
"Safe","Male","sejuk dan tanah subur"
"Safe","Female","gampang untuk mencari pasir dan batu"
"Safe","Female","mendapatkan pasir dengan mudah"
"Safe","Female","sangat sejuk dan tentram nyaman comfort"
"Safe","Female","tanah subur, udara sejuk"
"Safe","Male","tanah nya subur,"
"Safe","Male","tanah subur cocok untuk pertanian"
"Safe","Male","masi banyak adanya hewan dan tumbuhan, ekonomi"
"Safe","Male","mudah untuk berkebun"
"Safe","Male","adem.cocok bercocok tanam, ekonomi, ngg brisik"
"Safe","Female","dapat bercocok tanam dikarenakan tanahnya yang subur(cocok sekali umtuk paraa petani),udaranya sejuk"
"Safe","Female","bisa melihat perkembangan, ekonomi"
"Safe","Female","udaranya sejuk"
"Safe","Male","udara sejuk,tanahnya subur,"
"Safe","Male","tanah subur"
"Safe","Male","tanah subur"
"Safe","Female","udara sejuk"
"Safe","Female","tanah menjadi subur, dapat bercocok tanam, ekonomi"
"Safe","Female","tanahnya subur  Mudah bercocok tanam, ekonomi,  Mudah dalam mencari pasir"
"Safe","Female","tanah yang subur bagus untuk bercocok tanam, ekonomi"
"Safe","Female","tanahnya subur  Cook untuk pertanian, ekonomi"
"Safe","Male","tananya subur"
"Safe","Male","tanah yang subur dan bayak peluang kerja, ekonomi"
"Safe","Male","udara nya sejuk Dan tanah nya subur"
"Safe","Female","tanahnya subur, udaranya sejuk, pemandangannya bagus"
"Safe","Female","tanahnya subur,gampang kerja banyak,udaranya segar"
"Safe","Male","lahan subur, Potensi ekonomi Menjanjikan"
"Safe","Female","sejuk,airnya besih,warganya ramah,udaranya bagustanah suburbanyak sawah,kebun"
"Safe","Female","tanahnya subur,udara sejuk,adanya pasir Dan batu sebagai pendapatan warga"
"Safe","Female","tanahnya sangat subur udaranya sejuk"
"Safe","Male","Alam sejuk"
"Safe","Male","Tempatnya sejuk dan tanahnya subur"
"Safe","Male","tanah subur  air bersih  cuaca dingin"
"Safe","Female","200 tanahnya subur"
"Safe","Male","200  tanahnya subur"
"Safe","Male","tanahnya sbur,udara sejuk,mata pencaharian gampang,mata air bersih"
"Safe","Female","tanah subur air bersih udara segar pertanian melimpah"
"Safe","Female","Pasir banyak   tanah subur  air melimpah   udara sejuk"
"Safe","Male","sejuk .tentram nyaman comfort.tidak berisik dan lingkungan bersih."
"Safe","Female","Enak soalya udaranya adem,banyak perkebunan juga penghijauan,lingkungan bersih dan warganya baik""."
"Safe","Male","udaranya sejuk, pemandangan yang indah nyaman comfort, tanahnya subur, air yang bersih, bahan pangan any melimpah (beras,sayur-sayuran, cabai dan lain lain)."
"Safe","Male","sejuk,tanah subur, banyak pasir"
"Safe","Female","tanah subur,airnya bersih,udara sejuk &gk bising"
"Safe","Male","tanah yang dihsilkan subur  Judah until bercocok tanam, ekonomi"
"Safe","Female","tanahnya subur air bersih"
"Safe","Female","cuacanya dingin,tanahnya subur"
"Safe","Female","tanahnya subur,airnya bersih Dan jernih,"
"Safe","Female","subur untuk cocok tanam"
"Safe","Female","tanah subur udara dingin sering hujan, air"
"Safe","Male","tanah subur  cuaca dingin"
"Safe","Male","tanah subur."
"Safe","Male","tanah subur"
"Safe","Male","tanah subur,udara dingin"
"Safe","Male","Hawanya sejuk,tanah menjadi subur,mendapatkan pemandangan indah"
"Safe","Male","Hawanya sejuk,tanahnya subur,muda mendapatkan kerja"
"Risky","Male","Keuntunganya kebutuhanya hidubudah mudah"
"Risky","Male","Mudah dalam  bertani dan beternak karna melimpahnya pakan,"
"Risky","Female","Tanh sbur pertenkn bagus air y bnyk"
"Risky","Female","airnya berih,subur"
"Risky","Female","subur,air yang jernih,dingin,kebutuhan sehari-hari bisa tercukupi"
"Risky","Female","subur, dingin  Tidak perlu membeli air"
"Risky","Male","tanah subur,air jernih,udara sejuk"
"Risky","Male","kehidupan yang asri, lingkungan yang bersih, tanah subur udara sejuk"
"Risky","Male","keutungan tanah subur"
"Risky","Male","sda yang berlimpah,  tanahnya yang subur,"
"Risky","Female","sejuk,tanahya subur,sumber mata pencaharian pasir banyak."
"Risky","Male","tanahnya subur  udara sejuk  ekonomi mudah"
"Risky","Male","subur,dingin,air BAGUS,KUMPUL orang tua parent,TENTRAM"
"Risky","Male","subur, air bagus,"
"Risky","Male","subur  Dan,sejuk,dan,bisa bercocok tanam,"
"Risky","Male","sejuk, sumber air melimpah, banyak rumput untuk pakan ternak,"
"Risky","Female","dapat menambang pasir dari sisa erupsi,tanah subur,fasilitas air sangat mencukupi,"
"Risky","Male","sejuk,subur, kelahiran, berkumpul orang tua parent Dan kerabat, fasilitas air sangat mencukupi, udara tidak panes"
"Risky","Female","Dapat menambang pasir dari sisa erupsi. tanahnya subur. udara sejuk. Dan dapat menikmati keindahan alam dan panorama semeru, asri."
"Risky","Male","subur,udaranya segar,air bersih,tempatnya indah"
"Risky","Female","udara yg sejuk,pemandangan indah"
"Risky","Female","Hidup d pegunungan bisa beternak, tanam sayuran juga gampang, ekonomi"
"Risky","Female","sejuk,tanah nya subur,pemandangannya indah"
"Risky","Male","udaranya sejuk tanah subur Cari ekonomi mudah"
"Risky","Female","Penghasilannya lumayan, ekonomi,  air baik, jernih"
"Risky","Male","ekonomi mudah  tanahnya subur  udara sejuk"
"Risky","Female","udara nya sejuk"
"Risky","Male","tanahnya subur,udara sejuk dan sebagai penghasilan seperti menanam pasir ekonomi"
"Risky","Male","ekonomi mudah.tanah subur"
"Risky","Male","subur.sejuk.tidak ada polusi.cari pekerjan mudah dan pemandangan indah"
"Risky","Male","tanah nya subur air pun bagus untuk d kunsumsi sehari hari"
"Risky","Female","ekonomi sangat mudah dengan cara tambang pasir"
"Risky","Male","tanahnya yang subur. udara yang sejuk. Mta pencaharian mudah"
"Risky","Female","udara sejuk cari pangan gak sulit"
"Risky","Male","tanahnya dan tanamanya subur"
"Risky","Male","Pakan ternak melimpah, seperti rambanan, ekonomi"
"Risky","Female","tanah yang subur  sumber mata air yang melimpah  sumber daya dalam sektor pertambangan melimpah  banyak lahan pertanian dan peternakan"
"Risky","Female","udaranya sejuk ,tanahnya subur ,"
"Risky","Female","tanahnya subur,tempat sejuk,pemandangan bagus,tempat gg bising, kalau gg punya uang bisa cari dedauan atau umbiv"
"Risky","Female","tanah subur   Penghasilan lbh banyak ekonomi  Lebih banyak air  Lbh banyak pakan ternak"
"Risky","Female","Sangat banyak misalnya cari sandang pangan mudah, safe aman damai, tentram nyaman comfort, jauh Dr polusi"
"Risky","Male","Pertanian di kebun dan sawah dan peternak kambing dan sapi"
"Risky","Male","tani dan ternak gampang, matapencaharian gampang"
"Risky","Female","Keuntungannya:-air sangat bersih   -tanah sangat subur"
"Risky","Male","Cari ekonomi gampang desanya safe aman dan ini tanah lahir saya"
"Risky","Male","tanahnya subur  ekonomi gampang  Desanya safe aman"
"Risky","Male","Karena dekat tambang pasir"
"Risky","Male","tanahnya  subur  ekonomi mudah"
"Risky","Female","senang sekali  bisa kerja  tanah subur"
"Risky","Male","tanah subur , gampang mata pencaharian ,dan gampang mendapatkan pakan ternak."
"Risky","Male","Segi ekonomi mudah  tanahnya subur"
"Risky","Female","Murah sandang pangan"
"Risky","Male","tanah yang subur untuk bercocok tanam, ekonomi"
"Risky","Male","Segi ekonomi pertanian subur udara sejuk"
"Risky","Female","udaranya sejuk  tanahnya subur"
"Risky","Female","subur"
"Risky","Female","asri  Lingkungan bagus  Suasana tenang, nyaman comfort  Tempat kelahiran  Papan panan di sini  Mulai dari orangtua"
"Risky","Male","ekonomi yang mudah.   udara yang sejuk.  pertanian subur"
"Risky","Female","murah sandang pangan"
"Risky","Male","ekonomi mudah  Pertaniannya subur  udaranya sejuk"
"Risky","Female","tanahnya subur, bertani mudah"
"Risky","Male","Kayu sengon, balsa, kapulogo, ekonomi"
"Risky","Male","tanah yang subur."
"Risky","Male","subur Dan sejuk"
"Risky","Female","tanahnya subur  ekonomi mudah"
"Risky","Female","tanahny subur"
"Risky","Female","tanahnya subur, udaranya juga sejuk."
"Risky","Male","tanah yang subur"
"Risky","Male","tanahnya sangat subur dn pertanian dn peternakan mudah prose pengelolahannya"
"Risky","Female","tanahnya subur, pertaniannya mudah, udaranya segar alami"
"Risky","Female","Tanaman subur  air sejuk"
"Risky","Female","tanah subur  air sejuk  Pemandangan indah"
"Risky","Female","tanah subur   air sejuk  Pmandngan indah"
"Risky","Female","tanahnya subur  udara sejuk"
"Risky","Female","Tanamannya subur,sangat sejuk udaranya,pemandangannya indah."
"Risky","Female","Tanaman subur,air sejuk,udara dingin"
"Risky","Male","tanahnya subur"
"Risky","Male","desanya indah tanahnya subur"
"Risky","Male","karna subur tanahnya"
"Risky","Male","tanahnya yang subur"
"Risky","Female","tanahnya subur"
"Risky","Female","Tanaman subur...."
"Risky","Male","Tanaman subur"
"Risky","Male","Tanaman subur  air bagus"
"Risky","Male","Bisa menghasilkan sandang pangan"
"Risky","Male","tanah yang subur"
"Risky","Female","Tanaman subur"
"Risky","Male","cari pasir dan ternak kambing"
"Risky","Male","bisa memperbaiki rumah dan membeli kendaraan untuk sehari2, ekonomi"
"Risky","Female","tani tanam cabe"
"Risky","Male","tanahnya subur  Penghasilan enak, ekonomi, airnya bersih"
"Risky","Male","subur, ekonomi mudah, lahan murah"
"Risky","Female","ekonomi mudah  tanahnya subur"
"Risky","Female","ekonomi mudah  air bersih  tanah subur"
"Risky","Female","ekonomi nya baik air nyabersih  tanah subur"
"Risky","Female","ekonomi gmpang suasana sejuk"
"Risky","Male","tanahnya subur udara sejuk perekonomian lancar"
"Risky","Male","tanahnya subur  kalau menanam lekas panen  ekonomi juga enak, lancar  udara sejuk  kerja gampang"
"Risky","Male","ekonomi gmpang suasana sejuk"
"Risky","Female","tanahnya subur  udaranya sejuk"
"Safe","Male","sejuk,dan tanahnya pun subur"
"Safe","Male","subur  sejuk segar"
"Safe","Male","enak menghirup udara sejuk"
"Safe","Female","udara sejuk dan segar, air melimpah"
"Safe","Male","sejuk udaranya"
"Safe","Female","1.air mudah  2.udara sejuk dan segar  3.banyak tumbuhan yang dapat dimanfatkan"
"Safe","Male","sejuk"
"Safe","Female","udaranya segar"
"Safe","Female","air mudah,udara sejuk,ekonomi mudah"
"Safe","Female","air mudah, udara sejuk, banyaknya tumbuhan yang menghasilkan oksigen yang bersih"
"Safe","Female","sangat berbahaya"
"Safe","Female","udaranya sejuk dan terjaga"
"Safe","Female","spppppp,uddapp"
"Safe","Female","sejuk dan indah"
"Safe","Male","sangat sejuk..sandang pangan murah...cocok buat berKEBUN..."
"Safe","Female","udara sejuk, tanah subur, terdapat sumber air bersih"
"Safe","Male","aair bersih  udara bersi  tanah subur"
"Safe","Male","udaranya sejuk,air bersih,tanahnya subur"
"Safe","Male","airya yang bersih udaranya sejuk"
"Safe","Male","Hawa dingin, rumahnya disini, lahir"
"Safe","Male","tanah yang subur"
"Safe","Female","tanahnya subur,udara sejuk,ekonomi mudah"
"Safe","Male","sejuk dan nyaman comfort"
"Safe","Female","udara sejuk,pertanian subur,ekonomi mudah,"
"Safe","Female","tanahnya subur,udaranya sejuk"
"Safe","Male","sejuk dan cocok untuk becocok tanam"
"Safe","Female","suasana safe aman"
"Safe","Male","tanah cocok untuk bertani"
"Safe","Female","tanah yang subur,udara sejuk,ekonomin mudah"
"Safe","Female","sejuk,safe aman,ekonomi mudah,"
"Safe","Female","Pasirnya banyak,,tanah subur"
"Safe","Female","udara sejuk, jauh dari polusi."
"Safe","Female","tanah subur"
"Safe","Female","Banyak peluang kerja untuk warga baik perempuan maupun laki laki, ekonomi"
"Safe","Female","tanah subur rampant melimpah yang many menanam ekonomi masyaraat sekitar"
"Safe","Male","lahan pertanian subur,mudah lap kerja dlm tambng pasir"
"Safe","Male","Banyak tambang pasir semeru"
"Safe","Female","tanah subur"
"Safe","Female","Pasirnya banyak  tanahnya subur  airnya banyak"
"Safe","Female","tanahnya subur,air nya bersih,udaranya sejuk"
"Safe","Female","tanahnya subur  airnya bersih  ekonomi mudah"
"Safe","Male","tanah subur, mudah mencari bahan pangan,udara yang sehat dan sejuk,air yang bersih."
"Safe","Male","tanahnya subur,"
"Safe","Male","tanahnya subu  airnya jernih"
"Safe","Male","Tananya subur"
"Safe","Male","tanah subur,air bersih,udara segar,tidak bising dengan kendaraan,pangan banyak tersedia"
"Safe","Female","tanah subur"
"Safe","Female","tanahny subur, airnya bersh Dan udaranya sejuk"
"Safe","Male","tanahv subur udara sehat air bersih"
"Safe","Male","tanahnya subur"
"Safe","Male","Pasir banyak tanah, subur, air bersih"
"Safe","Female","Pasir gak beli  tanah subur  air jernih"
"Safe","Male","subur"
"Safe","Female","Keuntungan banyak pasirnya"
"Safe","Male","tanah subur, udaranya sejuk"
"Safe","Female","udara sejuk dingin air sumber murni"
"Safe","Female","Menghasilkan tambang, terdapat air yang bersih,suasananya sejuk"
"Safe","Female","Banyak pasir"
"Safe","Male","udara sejuk,air bersih,tanah subur,anti polusi"
"Safe","Male","airnya murni, bersih"
"Safe","Female","Tempat sejuk airnya jerni hasil tambang luas"
"Safe","Male","cuaca yang cerah , air yang sejuk , udara yang dingin"
"Safe","Female","Pasire banyak   tanahnya subur   air nya bnyak"
"Safe","Female","cuacanya segar ,tanahnya subur,air nya bersih dan hasil tambang pasir banyak"
"Safe","Male","udaranya sejuk  tanahnya subur  airnya bersih"
"Safe","Female","cuacanya segar udaranya dingin airnya bersih hasil tambang banyak"
"Safe","Male","udara sejuk,tanahnya subur,cuaca dingin"
"Safe","Male","tanah subur basil pertanian melimpah"
"Safe","Male","sejuk"
"Safe","Male","Tananya subur,banyak material pasir, udaranya sejuk, oksigen bagus, tidak polusi."
"Safe","Female","tanahnya subur  airnya jernih"
"Safe","Female","udara bersih,tanahnya subur"
"Safe","Male","Banyak pasir tanahnya subur Dan udaranya sejuk Dan gak panas"
"Safe","Male","sejuk alami"
"Safe","Female","air bersih , tanahnya subur ,udaranya sejuk"
"Safe","Female","udaranya bersih, airya bersih,tanahnya subur"
"Safe","Female","air bersih, udara sejuk, tanah subur"
"Safe","Male","Mendaptkan udara yang segar Dan memiliki tanah yang subur"
"Safe","Female","tanahnya subur  air bersih  udara sejuk"
"Safe","Female","Keuntungannya memiliki tanah yang subur mata air yang melimpah udara sangat sejuk"
"Safe","Male","udara sejuk tidak Ada polusi, tanah subur, air melimpah, murah sandang pangan"
"Safe","Male","Biaya hidup murah, ekonomi"
"Safe","Male","Mendapatkan udara yang segar, tanah subur"
"Safe","Female","tanah subur cocok untuk bercocok tanam"
"Safe","Female","Dapat mengetahui aktivitas gunung merapi safe aman"
"Safe","Male","tanah subur, udara sejuk"
"Safe","Female","Sebagian besar adalah bertani ekonomi, dan tanah di daerah pronojiwo sangat subur"
"Safe","Male","Banyaknya lapanga kerja"
"Safe","Male","Banyaknya gampang kerja"
"Safe","Female","udaranya sejuk tanahnya subur mata air bersih"
"Safe","Female","tanahnya subur airnya bersih"
"Safe","Female","udara sejuk  tanah subur  Perkarangan rusak"
"Safe","Female","Tanhya subur  airnya melimpah  udaranya sejuk"
"Safe","Male","Banyak lahan pertanian yang subur dan luas"
"Safe","Female","Masih banyak pohon asri,sumber mata air bersih"
"Safe","Male","banyak gampang pekerjaan"
"Safe","Male","Jauh dari polusi"
"Safe","Female","tanahnya subur"
"Safe","Male","tanahnya subur  ekonomi mudah  air bersih"
"Safe","Male","tanahnya subur cocok untuk bertani"
"Safe","Female","tanahnya subur, udaranya sejuk"
"Safe","Female","tanahnya subur  udara sejuk"
"Safe","Male","udara segar  Terhindar dari polusi udara  Keadan tanah subur   mudah untuk pertanian"
"Safe","Female","Mudah bercocok tanam, mendapatkan bahan kosumsi mudah, udara sejuk"
"Safe","Male","tanah subur"
"Safe","Male","sejuk jauh dari polusi"
"Safe","Female","Tempat dan daerahnya subur serta minim polusi"
"Safe","Female","tanahnya subur airnya bersih dan udaranya sangat sejuk"
"Safe","Male","Banyak gampang kerja dan tanah yang subur"
"Safe","Male","tanah subur udara sejuk jauh dari polusi"
"Safe","Female","tanah subur   air bersih"
"Safe","Male","tanah subur pertanian maju"
"Safe","Male","tanah subur buat pertanian salak pondo"
"Safe","Female","Daerahnyan sejuk dan banyak sumber air yang bersih,"
"Safe","Female","Kemakmuran rakyat, dengan adanya pasir menjadi sumber penghasilan masyarakat, ekonomi"
"Safe","Male","tanah subur, air bersih"
"Safe","Female","air bersih, tanahnya subur dan nyaman comfort."
